activity_comment,activity_id,activity_properties,assay_chembl_id,assay_description,assay_type,assay_variant_accession,assay_variant_mutation,bao_endpoint,bao_format,bao_label,canonical_smiles,data_validity_comment,data_validity_description,document_chembl_id,document_journal,document_year,ligand_efficiency,molecule_chembl_id,molecule_pref_name,parent_molecule_chembl_id,pchembl_value,potential_duplicate,qudt_units,record_id,relation,src_id,standard_flag,standard_relation,standard_text_value,standard_type,standard_units,standard_upper_value,standard_value,target_chembl_id,target_organism,target_pref_name,target_tax_id,text_value,toid,type,units,uo_units,upper_value,value
Dtt Insensitive,19964199,[],CHEMBL4495583,SARS-CoV-2 3CL-Pro protease inhibition IC50 determined by FRET kind of response from peptide substrate,F,,,BAO_0000190,BAO_0000019,assay format,Cc1c(OCC(F)(F)F)ccnc1C[S+]([O-])c1nc2ccccc2[nH]1,,,CHEMBL4495564,,2020,,CHEMBL480,LANSOPRAZOLE,CHEMBL480,6.41,0,http://www.openphacts.org/units/Nanomolar,3341963,=,52,1,=,,IC50,nM,,390.0,CHEMBL4523582,Severe acute respiratory syndrome coronavirus 2,Replicase polyprotein 1ab,2697049,,,IC50,uM,UO_0000065,,0.39
Dtt Insensitive,19964200,[],CHEMBL4495583,SARS-CoV-2 3CL-Pro protease inhibition IC50 determined by FRET kind of response from peptide substrate,F,,,BAO_0000190,BAO_0000019,assay format,Cc1c(-c2cnccn2)ssc1=S,,,CHEMBL4495564,,2020,,CHEMBL178459,OLTIPRAZ,CHEMBL178459,6.68,0,http://www.openphacts.org/units/Nanomolar,3341991,=,52,1,=,,IC50,nM,,210.0,CHEMBL4523582,Severe acute respiratory syndrome coronavirus 2,Replicase polyprotein 1ab,2697049,,,IC50,uM,UO_0000065,,0.21
Dtt Insensitive,19964201,[],CHEMBL4495583,SARS-CoV-2 3CL-Pro protease inhibition IC50 determined by FRET kind of response from peptide substrate,F,,,BAO_0000190,BAO_0000019,assay format,O=c1sn(-c2cccc3ccccc23)c(=O)n1Cc1ccccc1,,,CHEMBL4495564,,2020,,CHEMBL3545157,TIDEGLUSIB,CHEMBL3545157,7.10,0,http://www.openphacts.org/units/Nanomolar,3342067,=,52,1,=,,IC50,nM,,80.0,CHEMBL4523582,Severe acute respiratory syndrome coronavirus 2,Replicase polyprotein 1ab,2697049,,,IC50,uM,UO_0000065,,0.08
Dtt Insensitive,19964202,[],CHEMBL4495583,SARS-CoV-2 3CL-Pro protease inhibition IC50 determined by FRET kind of response from peptide substrate,F,,,BAO_0000190,BAO_0000019,assay format,O=C(O[C@@H]1Cc2c(O)cc(O)cc2O[C@@H]1c1cc(O)c(O)c(O)c1)c1cc(O)c(O)c(O)c1,,,CHEMBL4495564,,2020,,CHEMBL297453,EPIGALOCATECHIN GALLATE,CHEMBL297453,5.80,0,http://www.openphacts.org/units/Nanomolar,3342156,=,52,1,=,,IC50,nM,,1580.0,CHEMBL4523582,Severe acute respiratory syndrome coronavirus 2,Replicase polyprotein 1ab,2697049,,,IC50,uM,UO_0000065,,1.58
Dtt Insensitive,19964203,[],CHEMBL4495583,SARS-CoV-2 3CL-Pro protease inhibition IC50 determined by FRET kind of response from peptide substrate,F,,,BAO_0000190,BAO_0000019,assay format,O=C1C=Cc2cc(Br)ccc2C1=O,,,CHEMBL4495564,,2020,,CHEMBL4303595,,CHEMBL4303595,7.40,0,http://www.openphacts.org/units/Nanomolar,3342307,=,52,1,=,,IC50,nM,,40.0,CHEMBL4523582,Severe acute respiratory syndrome coronavirus 2,Replicase polyprotein 1ab,2697049,,,IC50,uM,UO_0000065,,0.04
Dtt Insensitive,19964204,[],CHEMBL4495583,SARS-CoV-2 3CL-Pro protease inhibition IC50 determined by FRET kind of response from peptide substrate,F,,,BAO_0000190,BAO_0000019,assay format,CC(CN1CC(=O)NC(=O)C1)N1CC(=O)NC(=O)C1,,,CHEMBL4495564,,2020,,CHEMBL444186,RAZOXANE,CHEMBL444186,5.50,0,http://www.openphacts.org/units/Nanomolar,3342402,=,52,1,=,,IC50,nM,,3190.0,CHEMBL4523582,Severe acute respiratory syndrome coronavirus 2,Replicase polyprotein 1ab,2697049,,,IC50,uM,UO_0000065,,3.19
Dtt Insensitive,19964205,[],CHEMBL4495583,SARS-CoV-2 3CL-Pro protease inhibition IC50 determined by FRET kind of response from peptide substrate,F,,,BAO_0000190,BAO_0000019,assay format,Nc1ccc2cc3ccc(N)cc3nc2c1,,,CHEMBL4495564,,2020,,CHEMBL55400,PROFLAVINE,CHEMBL55400,6.44,0,http://www.openphacts.org/units/Nanomolar,3342416,=,52,1,=,,IC50,nM,,360.0,CHEMBL4523582,Severe acute respiratory syndrome coronavirus 2,Replicase polyprotein 1ab,2697049,,,IC50,uM,UO_0000065,,0.36
Dtt Insensitive,19964206,[],CHEMBL4495583,SARS-CoV-2 3CL-Pro protease inhibition IC50 determined by FRET kind of response from peptide substrate,F,,,BAO_0000190,BAO_0000019,assay format,CCOC(=O)Cc1ccc(-c2ccccc2)cc1,,,CHEMBL4495564,,2020,,CHEMBL1886408,,CHEMBL1886408,6.70,0,http://www.openphacts.org/units/Nanomolar,3342419,=,52,1,=,,IC50,nM,,200.0,CHEMBL4523582,Severe acute respiratory syndrome coronavirus 2,Replicase polyprotein 1ab,2697049,,,IC50,uM,UO_0000065,,0.2
Dtt Insensitive,19964207,[],CHEMBL4495583,SARS-CoV-2 3CL-Pro protease inhibition IC50 determined by FRET kind of response from peptide substrate,F,,,BAO_0000190,BAO_0000019,assay format,O=[N+]([O-])c1ccc(Sc2cccc[n+]2[O-])c2nonc12,,,CHEMBL4495564,,2020,,CHEMBL505670,,CHEMBL505670,7.00,0,http://www.openphacts.org/units/Nanomolar,3342598,=,52,1,=,,IC50,nM,,100.0,CHEMBL4523582,Severe acute respiratory syndrome coronavirus 2,Replicase polyprotein 1ab,2697049,,,IC50,uM,UO_0000065,,0.1
Dtt Insensitive,19964208,[],CHEMBL4495583,SARS-CoV-2 3CL-Pro protease inhibition IC50 determined by FRET kind of response from peptide substrate,F,,,BAO_0000190,BAO_0000019,assay format,CCCCCCNC(=O)n1cc(F)c(=O)[nH]c1=O,,,CHEMBL4495564,,2020,,CHEMBL460499,CARMOFUR,CHEMBL460499,6.80,0,http://www.openphacts.org/units/Nanomolar,3342865,=,52,1,=,,IC50,nM,,160.0,CHEMBL4523582,Severe acute respiratory syndrome coronavirus 2,Replicase polyprotein 1ab,2697049,,,IC50,uM,UO_0000065,,0.16
Dtt Insensitive,19964209,[],CHEMBL4495583,SARS-CoV-2 3CL-Pro protease inhibition IC50 determined by FRET kind of response from peptide substrate,F,,,BAO_0000190,BAO_0000019,assay format,O=C1C(Cl)=C(N2CCOCC2)C(=O)N1c1ccc(Cl)c(Cl)c1,,,CHEMBL4495564,,2020,,CHEMBL1271993,,CHEMBL1271993,5.34,0,http://www.openphacts.org/units/Nanomolar,3342988,=,52,1,=,,IC50,nM,,4530.0,CHEMBL4523582,Severe acute respiratory syndrome coronavirus 2,Replicase polyprotein 1ab,2697049,,,IC50,uM,UO_0000065,,4.53
Dtt Insensitive,19964210,[],CHEMBL4495583,SARS-CoV-2 3CL-Pro protease inhibition IC50 determined by FRET kind of response from peptide substrate,F,,,BAO_0000190,BAO_0000019,assay format,CN1CCN(C(=O)c2ccc(-c3ccc4c(C=O)c(O)ccc4c3)s2)CC1,,,CHEMBL4495564,,2020,,CHEMBL3665060,,CHEMBL3665060,5.88,0,http://www.openphacts.org/units/Nanomolar,3343060,=,52,1,=,,IC50,nM,,1330.0,CHEMBL4523582,Severe acute respiratory syndrome coronavirus 2,Replicase polyprotein 1ab,2697049,,,IC50,uM,UO_0000065,,1.33
Dtt Insensitive,19964211,[],CHEMBL4495583,SARS-CoV-2 3CL-Pro protease inhibition IC50 determined by FRET kind of response from peptide substrate,F,,,BAO_0000190,BAO_0000019,assay format,NC(CO)C(=O)NNCc1ccc(O)c(O)c1O,,,CHEMBL4495564,,2020,,CHEMBL1096979,BENSERAZIDE,CHEMBL1096979,6.85,0,http://www.openphacts.org/units/Nanomolar,3343257,=,52,1,=,,IC50,nM,,140.0,CHEMBL4523582,Severe acute respiratory syndrome coronavirus 2,Replicase polyprotein 1ab,2697049,,,IC50,uM,UO_0000065,,0.14
Dtt Insensitive,19964212,[],CHEMBL4495583,SARS-CoV-2 3CL-Pro protease inhibition IC50 determined by FRET kind of response from peptide substrate,F,,,BAO_0000190,BAO_0000019,assay format,O=c1c(O)c(-c2cc(O)c(O)c(O)c2)oc2cc(O)cc(O)c12,,,CHEMBL4495564,,2020,,CHEMBL164,MYRICETIN,CHEMBL164,6.66,0,http://www.openphacts.org/units/Nanomolar,3343335,=,52,1,=,,IC50,nM,,220.0,CHEMBL4523582,Severe acute respiratory syndrome coronavirus 2,Replicase polyprotein 1ab,2697049,,,IC50,uM,UO_0000065,,0.22
Dtt Insensitive,19964213,[],CHEMBL4495583,SARS-CoV-2 3CL-Pro protease inhibition IC50 determined by FRET kind of response from peptide substrate,F,,,BAO_0000190,BAO_0000019,assay format,CCN1CCN(C(c2ccc(C(F)(F)F)cc2)c2ccc3cccnc3c2O)CC1,,,CHEMBL4495564,,2020,,CHEMBL1422849,,CHEMBL1422849,6.82,0,http://www.openphacts.org/units/Nanomolar,3343341,=,52,1,=,,IC50,nM,,150.0,CHEMBL4523582,Severe acute respiratory syndrome coronavirus 2,Replicase polyprotein 1ab,2697049,,,IC50,uM,UO_0000065,,0.15
Dtt Insensitive,19964214,[],CHEMBL4495583,SARS-CoV-2 3CL-Pro protease inhibition IC50 determined by FRET kind of response from peptide substrate,F,,,BAO_0000190,BAO_0000019,assay format,Cn1sc(=O)n(Cc2ccccc2)c1=O,,,CHEMBL4495564,,2020,,CHEMBL284861,,CHEMBL284861,6.85,0,http://www.openphacts.org/units/Nanomolar,3343568,=,52,1,=,,IC50,nM,,140.0,CHEMBL4523582,Severe acute respiratory syndrome coronavirus 2,Replicase polyprotein 1ab,2697049,,,IC50,uM,UO_0000065,,0.14
Dtt Insensitive,19964215,[],CHEMBL4495583,SARS-CoV-2 3CL-Pro protease inhibition IC50 determined by FRET kind of response from peptide substrate,F,,,BAO_0000190,BAO_0000019,assay format,Oc1cc2c(cc1O)C(c1ccccc1)CNCC2,,,CHEMBL4495564,,2020,,CHEMBL286080,SKF-38393,CHEMBL286080,5.55,0,http://www.openphacts.org/units/Nanomolar,3343595,=,52,1,=,,IC50,nM,,2800.0,CHEMBL4523582,Severe acute respiratory syndrome coronavirus 2,Replicase polyprotein 1ab,2697049,,,IC50,uM,UO_0000065,,2.8
Dtt Insensitive,19964216,[],CHEMBL4495583,SARS-CoV-2 3CL-Pro protease inhibition IC50 determined by FRET kind of response from peptide substrate,F,,,BAO_0000190,BAO_0000019,assay format,COC(=O)CC[C@H](NC(=O)[C@H](CC(=O)OC)NC(=O)OCc1ccccc1)C(=O)N[C@H](C(=O)N[C@@H](CC(=O)OC)C(=O)CF)C(C)C,,,CHEMBL4495564,,2020,,CHEMBL3963349,,CHEMBL3963349,8.00,0,http://www.openphacts.org/units/Nanomolar,3344117,=,52,1,=,,IC50,nM,,10.0,CHEMBL4523582,Severe acute respiratory syndrome coronavirus 2,Replicase polyprotein 1ab,2697049,,,IC50,uM,UO_0000065,,0.01
Dtt Insensitive,19964217,[],CHEMBL4495583,SARS-CoV-2 3CL-Pro protease inhibition IC50 determined by FRET kind of response from peptide substrate,F,,,BAO_0000190,BAO_0000019,assay format,Cc1c(OCC(F)(F)F)ccnc1C[S+]([O-])c1nc2ccccc2[nH]1,,,CHEMBL4495564,,2020,,CHEMBL480,LANSOPRAZOLE,CHEMBL480,5.80,0,http://www.openphacts.org/units/Nanomolar,3344234,=,52,1,=,,IC50,nM,,1600.0,CHEMBL4523582,Severe acute respiratory syndrome coronavirus 2,Replicase polyprotein 1ab,2697049,,,IC50,uM,UO_0000065,,1.6
Dtt Insensitive,19964218,[],CHEMBL4495583,SARS-CoV-2 3CL-Pro protease inhibition IC50 determined by FRET kind of response from peptide substrate,F,,,BAO_0000190,BAO_0000019,assay format,Oc1cc2c(cc1C(c1ccc(C(F)(F)F)cc1)N1CCOCC1)OCO2,,,CHEMBL4495564,,2020,,CHEMBL3797437,,CHEMBL3797437,6.27,0,http://www.openphacts.org/units/Nanomolar,3344345,=,52,1,=,,IC50,nM,,540.0,CHEMBL4523582,Severe acute respiratory syndrome coronavirus 2,Replicase polyprotein 1ab,2697049,,,IC50,uM,UO_0000065,,0.54
Dtt Insensitive,19964219,[],CHEMBL4495583,SARS-CoV-2 3CL-Pro protease inhibition IC50 determined by FRET kind of response from peptide substrate,F,,,BAO_0000190,BAO_0000019,assay format,Sc1nnc(Nc2ccccc2)s1,,,CHEMBL4495564,,2020,,CHEMBL289356,,CHEMBL289356,6.41,0,http://www.openphacts.org/units/Nanomolar,3344346,=,52,1,=,,IC50,nM,,390.0,CHEMBL4523582,Severe acute respiratory syndrome coronavirus 2,Replicase polyprotein 1ab,2697049,,,IC50,uM,UO_0000065,,0.39
Dtt Insensitive,19964220,[],CHEMBL4495583,SARS-CoV-2 3CL-Pro protease inhibition IC50 determined by FRET kind of response from peptide substrate,F,,,BAO_0000190,BAO_0000019,assay format,Cc1ccc(C)c(-n2sc3cc(F)ccc3c2=O)c1,,,CHEMBL4495564,,2020,,CHEMBL1725120,,CHEMBL1725120,7.70,0,http://www.openphacts.org/units/Nanomolar,3344410,=,52,1,=,,IC50,nM,,20.0,CHEMBL4523582,Severe acute respiratory syndrome coronavirus 2,Replicase polyprotein 1ab,2697049,,,IC50,uM,UO_0000065,,0.02
Dtt Insensitive,19964221,[],CHEMBL4495583,SARS-CoV-2 3CL-Pro protease inhibition IC50 determined by FRET kind of response from peptide substrate,F,,,BAO_0000190,BAO_0000019,assay format,[O-][n+]1ccccc1S,,,CHEMBL4495564,,2020,,CHEMBL1356238,PYRITHIONE,CHEMBL1356238,7.30,0,http://www.openphacts.org/units/Nanomolar,3344442,=,52,1,=,,IC50,nM,,50.0,CHEMBL4523582,Severe acute respiratory syndrome coronavirus 2,Replicase polyprotein 1ab,2697049,,,IC50,uM,UO_0000065,,0.05
Dtt Insensitive,19964222,[],CHEMBL4495583,SARS-CoV-2 3CL-Pro protease inhibition IC50 determined by FRET kind of response from peptide substrate,F,,,BAO_0000190,BAO_0000019,assay format,O=C(CCl)c1ccccc1,,,CHEMBL4495564,,2020,,CHEMBL105712,PHENACYL CHLORIDE,CHEMBL105712,6.72,0,http://www.openphacts.org/units/Nanomolar,3344504,=,52,1,=,,IC50,nM,,190.0,CHEMBL4523582,Severe acute respiratory syndrome coronavirus 2,Replicase polyprotein 1ab,2697049,,,IC50,uM,UO_0000065,,0.19
Dtt Insensitive,19964223,[],CHEMBL4495583,SARS-CoV-2 3CL-Pro protease inhibition IC50 determined by FRET kind of response from peptide substrate,F,,,BAO_0000190,BAO_0000019,assay format,c1ccc2sc(SSc3nc4ccccc4s3)nc2c1,,,CHEMBL4495564,,2020,,CHEMBL508112,BENZOTHIAZYL DISULFIDE,CHEMBL508112,6.80,0,http://www.openphacts.org/units/Nanomolar,3344577,=,52,1,=,,IC50,nM,,160.0,CHEMBL4523582,Severe acute respiratory syndrome coronavirus 2,Replicase polyprotein 1ab,2697049,,,IC50,uM,UO_0000065,,0.16
Dtt Insensitive,19964224,[],CHEMBL4495583,SARS-CoV-2 3CL-Pro protease inhibition IC50 determined by FRET kind of response from peptide substrate,F,,,BAO_0000190,BAO_0000019,assay format,CCOc1cc(C(Nc2cc(C)ccn2)c2ccc3cccnc3c2O)ccc1OC,,,CHEMBL4495564,,2020,,CHEMBL1397952,,CHEMBL1397952,,0,http://www.openphacts.org/units/Nanomolar,3344594,<,52,1,<,,IC50,nM,,270.0,CHEMBL4523582,Severe acute respiratory syndrome coronavirus 2,Replicase polyprotein 1ab,2697049,,,IC50,uM,UO_0000065,,0.27
Dtt Insensitive,19964225,[],CHEMBL4495583,SARS-CoV-2 3CL-Pro protease inhibition IC50 determined by FRET kind of response from peptide substrate,F,,,BAO_0000190,BAO_0000019,assay format,O=C1C(Cl)=C(Cl)C(=O)C(Cl)=C1Cl,,,CHEMBL4495564,,2020,,CHEMBL192627,CHLORANIL,CHEMBL192627,,0,http://www.openphacts.org/units/Nanomolar,3344623,<,52,1,<,,IC50,nM,,20.0,CHEMBL4523582,Severe acute respiratory syndrome coronavirus 2,Replicase polyprotein 1ab,2697049,,,IC50,uM,UO_0000065,,0.02
Dtt Insensitive,19964226,[],CHEMBL4495583,SARS-CoV-2 3CL-Pro protease inhibition IC50 determined by FRET kind of response from peptide substrate,F,,,BAO_0000190,BAO_0000019,assay format,O=C(CC1Sc2ncnn2C1=O)Nc1ccc(Br)cc1,,,CHEMBL4495564,,2020,,CHEMBL243652,,CHEMBL243652,5.69,0,http://www.openphacts.org/units/Nanomolar,3344673,=,52,1,=,,IC50,nM,,2040.0,CHEMBL4523582,Severe acute respiratory syndrome coronavirus 2,Replicase polyprotein 1ab,2697049,,,IC50,uM,UO_0000065,,2.04
Dtt Insensitive,19964227,[],CHEMBL4495583,SARS-CoV-2 3CL-Pro protease inhibition IC50 determined by FRET kind of response from peptide substrate,F,,,BAO_0000190,BAO_0000019,assay format,CC(C)(C)OC(=O)NCCc1nnc(S(=O)(=O)Cc2ccc(Cl)cc2Cl)o1,,,CHEMBL4495564,,2020,,CHEMBL259018,,CHEMBL259018,5.38,0,http://www.openphacts.org/units/Nanomolar,3344718,=,52,1,=,,IC50,nM,,4220.0,CHEMBL4523582,Severe acute respiratory syndrome coronavirus 2,Replicase polyprotein 1ab,2697049,,,IC50,uM,UO_0000065,,4.22
Dtt Insensitive,19964228,[],CHEMBL4495583,SARS-CoV-2 3CL-Pro protease inhibition IC50 determined by FRET kind of response from peptide substrate,F,,,BAO_0000190,BAO_0000019,assay format,CN1CCN(C2=C(Cl)C(=O)N(c3ccc(Cl)c(Cl)c3)C2=O)CC1,,,CHEMBL4495564,,2020,,CHEMBL1271764,,CHEMBL1271764,,0,http://www.openphacts.org/units/Nanomolar,3344721,<,52,1,<,,IC50,nM,,1230.0,CHEMBL4523582,Severe acute respiratory syndrome coronavirus 2,Replicase polyprotein 1ab,2697049,,,IC50,uM,UO_0000065,,1.23
Dtt Insensitive,19964229,[],CHEMBL4495583,SARS-CoV-2 3CL-Pro protease inhibition IC50 determined by FRET kind of response from peptide substrate,F,,,BAO_0000190,BAO_0000019,assay format,Nc1ccc(O)c2ncccc12,,,CHEMBL4495564,,2020,,CHEMBL449298,,CHEMBL449298,5.69,0,http://www.openphacts.org/units/Nanomolar,3344735,=,52,1,=,,IC50,nM,,2050.0,CHEMBL4523582,Severe acute respiratory syndrome coronavirus 2,Replicase polyprotein 1ab,2697049,,,IC50,uM,UO_0000065,,2.05
Dtt Insensitive,19964230,[],CHEMBL4495583,SARS-CoV-2 3CL-Pro protease inhibition IC50 determined by FRET kind of response from peptide substrate,F,,,BAO_0000190,BAO_0000019,assay format,CCOC(=O)c1c(N)sc(-c2ccccc2)c1C,,,CHEMBL4495564,,2020,,CHEMBL566136,,CHEMBL566136,5.50,0,http://www.openphacts.org/units/Nanomolar,3344737,=,52,1,=,,IC50,nM,,3190.0,CHEMBL4523582,Severe acute respiratory syndrome coronavirus 2,Replicase polyprotein 1ab,2697049,,,IC50,uM,UO_0000065,,3.19
Dtt Insensitive,19964231,[],CHEMBL4495583,SARS-CoV-2 3CL-Pro protease inhibition IC50 determined by FRET kind of response from peptide substrate,F,,,BAO_0000190,BAO_0000019,assay format,Cc1cc(C)cc(N2C(=O)CC(Sc3nc[nH]n3)C2=O)c1,,,CHEMBL4495564,,2020,,CHEMBL1608472,,CHEMBL1608472,5.50,0,http://www.openphacts.org/units/Nanomolar,3344769,=,52,1,=,,IC50,nM,,3170.0,CHEMBL4523582,Severe acute respiratory syndrome coronavirus 2,Replicase polyprotein 1ab,2697049,,,IC50,uM,UO_0000065,,3.17
Dtt Insensitive,19964232,[],CHEMBL4495583,SARS-CoV-2 3CL-Pro protease inhibition IC50 determined by FRET kind of response from peptide substrate,F,,,BAO_0000190,BAO_0000019,assay format,Cc1ccc(S(=O)(=O)N[C@@H](Cc2ccccc2)C(=O)CCl)cc1,,,CHEMBL4495564,,2020,,CHEMBL60718,TPCK,CHEMBL60718,5.86,0,http://www.openphacts.org/units/Nanomolar,3344878,=,52,1,=,,IC50,nM,,1370.0,CHEMBL4523582,Severe acute respiratory syndrome coronavirus 2,Replicase polyprotein 1ab,2697049,,,IC50,uM,UO_0000065,,1.37
Dtt Insensitive,19964233,[],CHEMBL4495583,SARS-CoV-2 3CL-Pro protease inhibition IC50 determined by FRET kind of response from peptide substrate,F,,,BAO_0000190,BAO_0000019,assay format,Cc1ccc(-n2sc(=O)n(Cc3ccc(F)cc3)c2=O)cc1,,,CHEMBL4495564,,2020,,CHEMBL1917204,,CHEMBL1917204,6.82,0,http://www.openphacts.org/units/Nanomolar,3344888,=,52,1,=,,IC50,nM,,150.0,CHEMBL4523582,Severe acute respiratory syndrome coronavirus 2,Replicase polyprotein 1ab,2697049,,,IC50,uM,UO_0000065,,0.15
Dtt Insensitive,19964234,[],CHEMBL4495583,SARS-CoV-2 3CL-Pro protease inhibition IC50 determined by FRET kind of response from peptide substrate,F,,,BAO_0000190,BAO_0000019,assay format,Sc1nnnn1-c1ccccc1,,,CHEMBL4495564,,2020,,CHEMBL226652,,CHEMBL226652,5.63,0,http://www.openphacts.org/units/Nanomolar,3344908,=,52,1,=,,IC50,nM,,2360.0,CHEMBL4523582,Severe acute respiratory syndrome coronavirus 2,Replicase polyprotein 1ab,2697049,,,IC50,uM,UO_0000065,,2.36
Dtt Insensitive,19964235,[],CHEMBL4495583,SARS-CoV-2 3CL-Pro protease inhibition IC50 determined by FRET kind of response from peptide substrate,F,,,BAO_0000190,BAO_0000019,assay format,Nc1nc(S)c2ncn(C3OC(CO)C(O)C3O)c2n1,,,CHEMBL4495564,,2020,,CHEMBL119171,,CHEMBL119171,5.97,0,http://www.openphacts.org/units/Nanomolar,3344909,=,52,1,=,,IC50,nM,,1080.0,CHEMBL4523582,Severe acute respiratory syndrome coronavirus 2,Replicase polyprotein 1ab,2697049,,,IC50,uM,UO_0000065,,1.08
Dtt Insensitive,19964236,[],CHEMBL4495583,SARS-CoV-2 3CL-Pro protease inhibition IC50 determined by FRET kind of response from peptide substrate,F,,,BAO_0000190,BAO_0000019,assay format,O=c1c(O)cccc2cc(O)c(O)c(O)c12,,,CHEMBL4495564,,2020,,CHEMBL66953,PURPUROGALLIN,CHEMBL66953,5.34,0,http://www.openphacts.org/units/Nanomolar,3344910,=,52,1,=,,IC50,nM,,4580.0,CHEMBL4523582,Severe acute respiratory syndrome coronavirus 2,Replicase polyprotein 1ab,2697049,,,IC50,uM,UO_0000065,,4.58
Dtt Insensitive,19964237,[],CHEMBL4495583,SARS-CoV-2 3CL-Pro protease inhibition IC50 determined by FRET kind of response from peptide substrate,F,,,BAO_0000190,BAO_0000019,assay format,C/C=C1\C(OC2OC(CO)C(O)C(O)C2O)OC=C(C(=O)OC)C1CC(=O)OCCc1ccc(O)c(O)c1,,,CHEMBL4495564,,2020,,CHEMBL4303154,,CHEMBL4303154,5.47,0,http://www.openphacts.org/units/Nanomolar,3344996,=,52,1,=,,IC50,nM,,3380.0,CHEMBL4523582,Severe acute respiratory syndrome coronavirus 2,Replicase polyprotein 1ab,2697049,,,IC50,uM,UO_0000065,,3.38
Dtt Insensitive,19964238,[],CHEMBL4495583,SARS-CoV-2 3CL-Pro protease inhibition IC50 determined by FRET kind of response from peptide substrate,F,,,BAO_0000190,BAO_0000019,assay format,C=C1C(=O)[C@]23[C@H](O)[C@H]1CC[C@@H]2[C@@]12CO[C@]3(O)C[C@@H]1C(C)(C)CC[C@@H]2O,,,CHEMBL4495564,,2020,,CHEMBL4303503,,CHEMBL4303503,5.59,0,http://www.openphacts.org/units/Nanomolar,3345103,=,52,1,=,,IC50,nM,,2570.0,CHEMBL4523582,Severe acute respiratory syndrome coronavirus 2,Replicase polyprotein 1ab,2697049,,,IC50,uM,UO_0000065,,2.57
Dtt Insensitive,19964239,[],CHEMBL4495583,SARS-CoV-2 3CL-Pro protease inhibition IC50 determined by FRET kind of response from peptide substrate,F,,,BAO_0000190,BAO_0000019,assay format,,,,CHEMBL4495564,,2020,,CHEMBL4303702,,CHEMBL4303702,6.68,0,http://www.openphacts.org/units/Nanomolar,3345310,=,52,1,=,,IC50,nM,,210.0,CHEMBL4523582,Severe acute respiratory syndrome coronavirus 2,Replicase polyprotein 1ab,2697049,,,IC50,uM,UO_0000065,,0.21
Dtt Insensitive,19964240,[],CHEMBL4495583,SARS-CoV-2 3CL-Pro protease inhibition IC50 determined by FRET kind of response from peptide substrate,F,,,BAO_0000190,BAO_0000019,assay format,O=C(O)c1cc(O)c2c(c1)[C@H]([C@H]1c3cc(C(=O)O)cc(O)c3C(=O)c3c(O[C@@H]4O[C@H](CO)[C@@H](O)[C@H](O)[C@H]4O)cccc31)c1cccc(O[C@@H]3O[C@H](CO)[C@@H](O)[C@H](O)[C@H]3O)c1C2=O,,,CHEMBL4495564,,2020,,CHEMBL2368547,Sennoside A,CHEMBL2368547,5.80,0,http://www.openphacts.org/units/Nanomolar,3345338,=,52,1,=,,IC50,nM,,1590.0,CHEMBL4523582,Severe acute respiratory syndrome coronavirus 2,Replicase polyprotein 1ab,2697049,,,IC50,uM,UO_0000065,,1.59
Dtt Insensitive,19964241,[],CHEMBL4495583,SARS-CoV-2 3CL-Pro protease inhibition IC50 determined by FRET kind of response from peptide substrate,F,,,BAO_0000190,BAO_0000019,assay format,COCCCOc1ccnc(C[S+]([O-])c2nc3ccccc3[n-]2)c1C.[Na+],,,CHEMBL4495564,,2020,,CHEMBL1200930,RABEPRAZOLE SODIUM,CHEMBL1219,6.13,0,http://www.openphacts.org/units/Nanomolar,3345433,=,52,1,=,,IC50,nM,,740.0,CHEMBL4523582,Severe acute respiratory syndrome coronavirus 2,Replicase polyprotein 1ab,2697049,,,IC50,uM,UO_0000065,,0.74
Dtt Insensitive,19964242,[],CHEMBL4495583,SARS-CoV-2 3CL-Pro protease inhibition IC50 determined by FRET kind of response from peptide substrate,F,,,BAO_0000190,BAO_0000019,assay format,COc1ccc2[nH]c([S+]([O-])Cc3ncc(C)c(OC)c3C)nc2n1,,,CHEMBL4495564,,2020,,CHEMBL1475252,TENATOPRAZOLE,CHEMBL1475252,6.01,0,http://www.openphacts.org/units/Nanomolar,3345466,=,52,1,=,,IC50,nM,,970.0,CHEMBL4523582,Severe acute respiratory syndrome coronavirus 2,Replicase polyprotein 1ab,2697049,,,IC50,uM,UO_0000065,,0.97
Dtt Insensitive,19964243,[],CHEMBL4495583,SARS-CoV-2 3CL-Pro protease inhibition IC50 determined by FRET kind of response from peptide substrate,F,,,BAO_0000190,BAO_0000019,assay format,[O-][S+](c1ccccc1)c1ccc2nnnn2n1,,,CHEMBL4495564,,2020,,CHEMBL271023,,CHEMBL271023,5.95,0,http://www.openphacts.org/units/Nanomolar,3345588,=,52,1,=,,IC50,nM,,1120.0,CHEMBL4523582,Severe acute respiratory syndrome coronavirus 2,Replicase polyprotein 1ab,2697049,,,IC50,uM,UO_0000065,,1.12
Dtt Insensitive,19964244,[],CHEMBL4495583,SARS-CoV-2 3CL-Pro protease inhibition IC50 determined by FRET kind of response from peptide substrate,F,,,BAO_0000190,BAO_0000019,assay format,CCC(C)SSc1ncc[nH]1,,,CHEMBL4495564,,2020,,CHEMBL406050,PX-12,CHEMBL406050,6.85,0,http://www.openphacts.org/units/Nanomolar,3345628,=,52,1,=,,IC50,nM,,140.0,CHEMBL4523582,Severe acute respiratory syndrome coronavirus 2,Replicase polyprotein 1ab,2697049,,,IC50,uM,UO_0000065,,0.14
Dtt Insensitive,19964245,[],CHEMBL4495583,SARS-CoV-2 3CL-Pro protease inhibition IC50 determined by FRET kind of response from peptide substrate,F,,,BAO_0000190,BAO_0000019,assay format,Cl.NC(CO)C(=O)NNCc1ccc(O)c(O)c1O,,,CHEMBL4495564,,2020,,CHEMBL1255778,BENSERAZIDE HYDROCHLORIDE,CHEMBL1096979,6.85,0,http://www.openphacts.org/units/Nanomolar,3345674,=,52,1,=,,IC50,nM,,140.0,CHEMBL4523582,Severe acute respiratory syndrome coronavirus 2,Replicase polyprotein 1ab,2697049,,,IC50,uM,UO_0000065,,0.14
Dtt Insensitive,19964246,[],CHEMBL4495583,SARS-CoV-2 3CL-Pro protease inhibition IC50 determined by FRET kind of response from peptide substrate,F,,,BAO_0000190,BAO_0000019,assay format,C[C@@](Cc1ccc(O)c(O)c1)(NN)C(=O)O,,,CHEMBL4495564,,2020,,CHEMBL1201236,CARBIDOPA,CHEMBL1201236,5.45,0,http://www.openphacts.org/units/Nanomolar,3345791,=,52,1,=,,IC50,nM,,3550.0,CHEMBL4523582,Severe acute respiratory syndrome coronavirus 2,Replicase polyprotein 1ab,2697049,,,IC50,uM,UO_0000065,,3.55
Dtt Insensitive,19964247,[],CHEMBL4495583,SARS-CoV-2 3CL-Pro protease inhibition IC50 determined by FRET kind of response from peptide substrate,F,,,BAO_0000190,BAO_0000019,assay format,O=C1C2CC=CCC2C(=O)N1SC(Cl)(Cl)Cl,,,CHEMBL4495564,,2020,,CHEMBL388676,CAPTAN,CHEMBL388676,6.17,0,http://www.openphacts.org/units/Nanomolar,3345898,=,52,1,=,,IC50,nM,,670.0,CHEMBL4523582,Severe acute respiratory syndrome coronavirus 2,Replicase polyprotein 1ab,2697049,,,IC50,uM,UO_0000065,,0.67
Dtt Insensitive,19964248,[],CHEMBL4495583,SARS-CoV-2 3CL-Pro protease inhibition IC50 determined by FRET kind of response from peptide substrate,F,,,BAO_0000190,BAO_0000019,assay format,CC(Cc1ccc(O)c(O)c1)C(C)Cc1ccc(O)c(O)c1,,,CHEMBL4495564,,2020,,CHEMBL52,NORDIHYDROGUAIARETIC ACID,CHEMBL52,5.59,0,http://www.openphacts.org/units/Nanomolar,3345962,=,52,1,=,,IC50,nM,,2590.0,CHEMBL4523582,Severe acute respiratory syndrome coronavirus 2,Replicase polyprotein 1ab,2697049,,,IC50,uM,UO_0000065,,2.59
Dtt Insensitive,19964249,[],CHEMBL4495583,SARS-CoV-2 3CL-Pro protease inhibition IC50 determined by FRET kind of response from peptide substrate,F,,,BAO_0000190,BAO_0000019,assay format,Br.Oc1cc2c(cc1O)C(c1ccccc1)CNCC2,,,CHEMBL4495564,,2020,,CHEMBL505308,,CHEMBL286080,5.58,0,http://www.openphacts.org/units/Nanomolar,3345974,=,52,1,=,,IC50,nM,,2630.0,CHEMBL4523582,Severe acute respiratory syndrome coronavirus 2,Replicase polyprotein 1ab,2697049,,,IC50,uM,UO_0000065,,2.63
Dtt Insensitive,19964250,[],CHEMBL4495583,SARS-CoV-2 3CL-Pro protease inhibition IC50 determined by FRET kind of response from peptide substrate,F,,,BAO_0000190,BAO_0000019,assay format,,,,CHEMBL4495564,,2020,,CHEMBL2354773,AUROTHIOGLUCOSE,CHEMBL2354773,5.76,0,http://www.openphacts.org/units/Nanomolar,3345988,=,52,1,=,,IC50,nM,,1740.0,CHEMBL4523582,Severe acute respiratory syndrome coronavirus 2,Replicase polyprotein 1ab,2697049,,,IC50,uM,UO_0000065,,1.74
Dtt Insensitive,19964251,[],CHEMBL4495583,SARS-CoV-2 3CL-Pro protease inhibition IC50 determined by FRET kind of response from peptide substrate,F,,,BAO_0000190,BAO_0000019,assay format,Cc1ccccc1N(C)C(=O)c1ccc([S+]([O-])c2nccs2)c([N+](=O)[O-])c1,,,CHEMBL4495564,,2020,,CHEMBL4303376,,CHEMBL4303376,5.73,0,http://www.openphacts.org/units/Nanomolar,3346002,=,52,1,=,,IC50,nM,,1870.0,CHEMBL4523582,Severe acute respiratory syndrome coronavirus 2,Replicase polyprotein 1ab,2697049,,,IC50,uM,UO_0000065,,1.87
Dtt Insensitive,19964252,[],CHEMBL4495583,SARS-CoV-2 3CL-Pro protease inhibition IC50 determined by FRET kind of response from peptide substrate,F,,,BAO_0000190,BAO_0000019,assay format,O=c1cc(-c2ccc(O)cc2)oc2cc(O)cc(O)c12,,,CHEMBL4495564,,2020,,CHEMBL28,APIGENIN,CHEMBL28,5.52,0,http://www.openphacts.org/units/Nanomolar,3346161,=,52,1,=,,IC50,nM,,3020.0,CHEMBL4523582,Severe acute respiratory syndrome coronavirus 2,Replicase polyprotein 1ab,2697049,,,IC50,uM,UO_0000065,,3.02
Dtt Insensitive,19964253,[],CHEMBL4495583,SARS-CoV-2 3CL-Pro protease inhibition IC50 determined by FRET kind of response from peptide substrate,F,,,BAO_0000190,BAO_0000019,assay format,O=C1c2c(O)cc(O)cc2O[C@H](c2cc(O)c(O)c(O)c2)[C@H]1O,,,CHEMBL4495564,,2020,,CHEMBL3348861,AMPELOPSIN,CHEMBL3348861,6.75,0,http://www.openphacts.org/units/Nanomolar,3346165,=,52,1,=,,IC50,nM,,180.0,CHEMBL4523582,Severe acute respiratory syndrome coronavirus 2,Replicase polyprotein 1ab,2697049,,,IC50,uM,UO_0000065,,0.18
Dtt Insensitive,19964254,[],CHEMBL4495583,SARS-CoV-2 3CL-Pro protease inhibition IC50 determined by FRET kind of response from peptide substrate,F,,,BAO_0000190,BAO_0000019,assay format,Cc1ccc(-n2sc(=O)n(Cc3ccc(F)cc3)c2=O)cc1,,,CHEMBL4495564,,2020,,CHEMBL1917204,,CHEMBL1917204,6.64,0,http://www.openphacts.org/units/Nanomolar,3346478,=,52,1,=,,IC50,nM,,230.0,CHEMBL4523582,Severe acute respiratory syndrome coronavirus 2,Replicase polyprotein 1ab,2697049,,,IC50,uM,UO_0000065,,0.23
Dtt Insensitive,19964255,[],CHEMBL4495583,SARS-CoV-2 3CL-Pro protease inhibition IC50 determined by FRET kind of response from peptide substrate,F,,,BAO_0000190,BAO_0000019,assay format,CN(C)CCNc1nc2cc(O)ccc2c2c1C(=O)c1ccccc1-2,,,CHEMBL4495564,,2020,,CHEMBL488755,,CHEMBL488755,5.52,0,http://www.openphacts.org/units/Nanomolar,3346507,=,52,1,=,,IC50,nM,,2990.0,CHEMBL4523582,Severe acute respiratory syndrome coronavirus 2,Replicase polyprotein 1ab,2697049,,,IC50,uM,UO_0000065,,2.99
Dtt Insensitive,19964256,[],CHEMBL4495583,SARS-CoV-2 3CL-Pro protease inhibition IC50 determined by FRET kind of response from peptide substrate,F,,,BAO_0000190,BAO_0000019,assay format,CN1CC[C@@]2(C)c3cc(O)ccc3N(C)[C@@H]12.O=C(O)/C=C/C(=O)O,,,CHEMBL4495564,,2020,,CHEMBL1256915,,CHEMBL310934,5.70,0,http://www.openphacts.org/units/Nanomolar,3346719,=,52,1,=,,IC50,nM,,1990.0,CHEMBL4523582,Severe acute respiratory syndrome coronavirus 2,Replicase polyprotein 1ab,2697049,,,IC50,uM,UO_0000065,,1.99
Dtt Insensitive,19964257,[],CHEMBL4495583,SARS-CoV-2 3CL-Pro protease inhibition IC50 determined by FRET kind of response from peptide substrate,F,,,BAO_0000190,BAO_0000019,assay format,CC(C)c1cc(CNc2nc(Nc3cc(C4CC4)[nH]n3)cc(N3CCN(C)CC3)n2)on1,,,CHEMBL4495564,,2020,,CHEMBL3545085,XL-228,CHEMBL3545085,5.83,0,http://www.openphacts.org/units/Nanomolar,3346744,=,52,1,=,,IC50,nM,,1490.0,CHEMBL4523582,Severe acute respiratory syndrome coronavirus 2,Replicase polyprotein 1ab,2697049,,,IC50,uM,UO_0000065,,1.49
Dtt Insensitive,19964258,[],CHEMBL4495583,SARS-CoV-2 3CL-Pro protease inhibition IC50 determined by FRET kind of response from peptide substrate,F,,,BAO_0000190,BAO_0000019,assay format,Cc1ccc(S(=O)(=O)/C=C/C#N)cc1,,,CHEMBL4495564,,2020,,CHEMBL403183,,CHEMBL403183,6.09,0,http://www.openphacts.org/units/Nanomolar,3346782,=,52,1,=,,IC50,nM,,820.0,CHEMBL4523582,Severe acute respiratory syndrome coronavirus 2,Replicase polyprotein 1ab,2697049,,,IC50,uM,UO_0000065,,0.82
Dtt Insensitive,19964259,[],CHEMBL4495583,SARS-CoV-2 3CL-Pro protease inhibition IC50 determined by FRET kind of response from peptide substrate,F,,,BAO_0000190,BAO_0000019,assay format,[O-]n1ccccc1=S.[O-]n1ccccc1=S.[Zn+2],,,CHEMBL4495564,,2020,,CHEMBL3392049,PYRITHIONE ZINC,CHEMBL1650619,5.61,0,http://www.openphacts.org/units/Nanomolar,3346834,=,52,1,=,,IC50,nM,,2460.0,CHEMBL4523582,Severe acute respiratory syndrome coronavirus 2,Replicase polyprotein 1ab,2697049,,,IC50,uM,UO_0000065,,2.46
Dtt Insensitive,19964260,[],CHEMBL4495583,SARS-CoV-2 3CL-Pro protease inhibition IC50 determined by FRET kind of response from peptide substrate,F,,,BAO_0000190,BAO_0000019,assay format,O=C(/C=C/c1ccc(O)c2c1[C@@H](C(=O)O[C@H](Cc1ccc(O)c(O)c1)C(=O)O)[C@H](c1ccc(O)c(O)c1)O2)O[C@H](Cc1ccc(O)c(O)c1)C(=O)O,,,CHEMBL4495564,,2020,,CHEMBL3747259,,CHEMBL3747259,5.47,0,http://www.openphacts.org/units/Nanomolar,3346955,=,52,1,=,,IC50,nM,,3420.0,CHEMBL4523582,Severe acute respiratory syndrome coronavirus 2,Replicase polyprotein 1ab,2697049,,,IC50,uM,UO_0000065,,3.42
Dtt Insensitive,19964261,[],CHEMBL4495583,SARS-CoV-2 3CL-Pro protease inhibition IC50 determined by FRET kind of response from peptide substrate,F,,,BAO_0000190,BAO_0000019,assay format,O=C(/C=C/c1ccc(O)c(O)c1)O[C@H](Cc1ccc(O)c(O)c1)C(=O)O,,,CHEMBL4495564,,2020,,CHEMBL324842,ROSMARINIC ACID,CHEMBL324842,5.41,0,http://www.openphacts.org/units/Nanomolar,3347022,=,52,1,=,,IC50,nM,,3860.0,CHEMBL4523582,Severe acute respiratory syndrome coronavirus 2,Replicase polyprotein 1ab,2697049,,,IC50,uM,UO_0000065,,3.86
Dtt Insensitive,19964262,[],CHEMBL4495583,SARS-CoV-2 3CL-Pro protease inhibition IC50 determined by FRET kind of response from peptide substrate,F,,,BAO_0000190,BAO_0000019,assay format,,,,CHEMBL4495564,,2020,,CHEMBL2097077,Merbromin,CHEMBL2097077,6.62,0,http://www.openphacts.org/units/Nanomolar,3347089,=,52,1,=,,IC50,nM,,240.0,CHEMBL4523582,Severe acute respiratory syndrome coronavirus 2,Replicase polyprotein 1ab,2697049,,,IC50,uM,UO_0000065,,0.24
Dtt Insensitive,19964263,[],CHEMBL4495583,SARS-CoV-2 3CL-Pro protease inhibition IC50 determined by FRET kind of response from peptide substrate,F,,,BAO_0000190,BAO_0000019,assay format,COc1cc(C(=S)N2CCOCC2)ccc1O,,,CHEMBL4495564,,2020,,CHEMBL1380480,VANITIOLIDE,CHEMBL1380480,5.88,0,http://www.openphacts.org/units/Nanomolar,3347302,=,52,1,=,,IC50,nM,,1320.0,CHEMBL4523582,Severe acute respiratory syndrome coronavirus 2,Replicase polyprotein 1ab,2697049,,,IC50,uM,UO_0000065,,1.32
Dtt Insensitive,19964264,[],CHEMBL4495583,SARS-CoV-2 3CL-Pro protease inhibition IC50 determined by FRET kind of response from peptide substrate,F,,,BAO_0000190,BAO_0000019,assay format,O=C(O)c1ccc(SSc2ccc(C(=O)O)cn2)nc1,,,CHEMBL4495564,,2020,,CHEMBL1161936,,CHEMBL1161936,6.62,0,http://www.openphacts.org/units/Nanomolar,3347305,=,52,1,=,,IC50,nM,,240.0,CHEMBL4523582,Severe acute respiratory syndrome coronavirus 2,Replicase polyprotein 1ab,2697049,,,IC50,uM,UO_0000065,,0.24
Dtt Insensitive,19964265,[],CHEMBL4495583,SARS-CoV-2 3CL-Pro protease inhibition IC50 determined by FRET kind of response from peptide substrate,F,,,BAO_0000190,BAO_0000019,assay format,CN(C)C(=S)SSC(=S)N(C)C,,,CHEMBL4495564,,2020,,CHEMBL120563,THIRAM,CHEMBL120563,7.30,0,http://www.openphacts.org/units/Nanomolar,3347431,=,52,1,=,,IC50,nM,,50.0,CHEMBL4523582,Severe acute respiratory syndrome coronavirus 2,Replicase polyprotein 1ab,2697049,,,IC50,uM,UO_0000065,,0.05
Dtt Insensitive,19964266,[],CHEMBL4495583,SARS-CoV-2 3CL-Pro protease inhibition IC50 determined by FRET kind of response from peptide substrate,F,,,BAO_0000190,BAO_0000019,assay format,O=c1c2ccccc2[se]n1-c1ccccc1,,,CHEMBL4495564,,2020,,CHEMBL51085,EBSELEN,CHEMBL51085,7.52,0,http://www.openphacts.org/units/Nanomolar,3347435,=,52,1,=,,IC50,nM,,30.0,CHEMBL4523582,Severe acute respiratory syndrome coronavirus 2,Replicase polyprotein 1ab,2697049,,,IC50,uM,UO_0000065,,0.03
Dtt Insensitive,19964267,[],CHEMBL4495583,SARS-CoV-2 3CL-Pro protease inhibition IC50 determined by FRET kind of response from peptide substrate,F,,,BAO_0000190,BAO_0000019,assay format,C/N=c1/nc(-c2ccccc2)n(-c2ccccc2)s1,,,CHEMBL4495564,,2020,,CHEMBL1188627,,CHEMBL1188627,6.01,0,http://www.openphacts.org/units/Nanomolar,3347444,=,52,1,=,,IC50,nM,,980.0,CHEMBL4523582,Severe acute respiratory syndrome coronavirus 2,Replicase polyprotein 1ab,2697049,,,IC50,uM,UO_0000065,,0.98
Dtt Insensitive,19964268,[],CHEMBL4495583,SARS-CoV-2 3CL-Pro protease inhibition IC50 determined by FRET kind of response from peptide substrate,F,,,BAO_0000190,BAO_0000019,assay format,C[C@@H]1O[C@@H](Oc2c(-c3cc(O)c(O)c(O)c3)oc3cc(O)cc(O)c3c2=O)[C@@H](O)[C@H](O)[C@H]1O,,,CHEMBL4495564,,2020,,CHEMBL4303331,,CHEMBL4303331,5.44,0,http://www.openphacts.org/units/Nanomolar,3347458,=,52,1,=,,IC50,nM,,3660.0,CHEMBL4523582,Severe acute respiratory syndrome coronavirus 2,Replicase polyprotein 1ab,2697049,,,IC50,uM,UO_0000065,,3.66
Dtt Insensitive,19964269,[],CHEMBL4495583,SARS-CoV-2 3CL-Pro protease inhibition IC50 determined by FRET kind of response from peptide substrate,F,,,BAO_0000190,BAO_0000019,assay format,Cl.Oc1cc2c(cc1O)[C@H]1c3ccccc3CN[C@@H]1CC2,,,CHEMBL4495564,,2020,,CHEMBL1256832,DIHYDREXIDINE HYDROCHLORIDE,CHEMBL25856,5.98,0,http://www.openphacts.org/units/Nanomolar,3347520,=,52,1,=,,IC50,nM,,1050.0,CHEMBL4523582,Severe acute respiratory syndrome coronavirus 2,Replicase polyprotein 1ab,2697049,,,IC50,uM,UO_0000065,,1.05
Dtt Insensitive,19964270,[],CHEMBL4495583,SARS-CoV-2 3CL-Pro protease inhibition IC50 determined by FRET kind of response from peptide substrate,F,,,BAO_0000190,BAO_0000019,assay format,Nc1nnc(Sc2ncc([N+](=O)[O-])s2)s1,,,CHEMBL4495564,,2020,,CHEMBL510038,,CHEMBL510038,7.52,0,http://www.openphacts.org/units/Nanomolar,3347567,=,52,1,=,,IC50,nM,,30.0,CHEMBL4523582,Severe acute respiratory syndrome coronavirus 2,Replicase polyprotein 1ab,2697049,,,IC50,uM,UO_0000065,,0.03
Dtt Insensitive,19964271,[],CHEMBL4495583,SARS-CoV-2 3CL-Pro protease inhibition IC50 determined by FRET kind of response from peptide substrate,F,,,BAO_0000190,BAO_0000019,assay format,CCN(CC)C(=S)SSC(=S)N(CC)CC,,,CHEMBL4495564,,2020,,CHEMBL964,DISULFIRAM,CHEMBL964,6.66,0,http://www.openphacts.org/units/Nanomolar,3347568,=,52,1,=,,IC50,nM,,220.0,CHEMBL4523582,Severe acute respiratory syndrome coronavirus 2,Replicase polyprotein 1ab,2697049,,,IC50,uM,UO_0000065,,0.22
Dtt Insensitive,19964272,[],CHEMBL4495583,SARS-CoV-2 3CL-Pro protease inhibition IC50 determined by FRET kind of response from peptide substrate,F,,,BAO_0000190,BAO_0000019,assay format,O=C1C=CC(=O)C2=C1C1c3ccccc3C2c2ccccc21,,,CHEMBL4495564,,2020,,CHEMBL1474701,,CHEMBL1474701,6.62,0,http://www.openphacts.org/units/Nanomolar,3347597,=,52,1,=,,IC50,nM,,240.0,CHEMBL4523582,Severe acute respiratory syndrome coronavirus 2,Replicase polyprotein 1ab,2697049,,,IC50,uM,UO_0000065,,0.24
Dtt Insensitive,19964273,[],CHEMBL4495583,SARS-CoV-2 3CL-Pro protease inhibition IC50 determined by FRET kind of response from peptide substrate,F,,,BAO_0000190,BAO_0000019,assay format,O=[N+]([O-])C(Br)(CO)CO,,,CHEMBL4495564,,2020,,CHEMBL1408862,BRONOPOL,CHEMBL1408862,6.38,0,http://www.openphacts.org/units/Nanomolar,3347604,=,52,1,=,,IC50,nM,,420.0,CHEMBL4523582,Severe acute respiratory syndrome coronavirus 2,Replicase polyprotein 1ab,2697049,,,IC50,uM,UO_0000065,,0.42
Dtt Insensitive,19964274,[],CHEMBL4495583,SARS-CoV-2 3CL-Pro protease inhibition IC50 determined by FRET kind of response from peptide substrate,F,,,BAO_0000190,BAO_0000019,assay format,CC(C)Nc1cccnc1N1CCN(C(=O)c2cc3cc(NS(C)(=O)=O)ccc3[nH]2)CC1.CS(=O)(=O)O,,,CHEMBL4495564,,2020,,CHEMBL929,DELAVIRDINE MESYLATE,CHEMBL593,5.40,0,http://www.openphacts.org/units/Nanomolar,3347635,=,52,1,=,,IC50,nM,,3990.0,CHEMBL4523582,Severe acute respiratory syndrome coronavirus 2,Replicase polyprotein 1ab,2697049,,,IC50,uM,UO_0000065,,3.99
Dtt Insensitive,19964275,[],CHEMBL4495583,SARS-CoV-2 3CL-Pro protease inhibition IC50 determined by FRET kind of response from peptide substrate,F,,,BAO_0000190,BAO_0000019,assay format,O=C1C=Cc2cc(Br)ccc2C1=O,,,CHEMBL4495564,,2020,,CHEMBL4303595,,CHEMBL4303595,6.80,0,http://www.openphacts.org/units/Nanomolar,3347639,=,52,1,=,,IC50,nM,,160.0,CHEMBL4523582,Severe acute respiratory syndrome coronavirus 2,Replicase polyprotein 1ab,2697049,,,IC50,uM,UO_0000065,,0.16
Dtt Insensitive,19964276,[],CHEMBL4495583,SARS-CoV-2 3CL-Pro protease inhibition IC50 determined by FRET kind of response from peptide substrate,F,,,BAO_0000190,BAO_0000019,assay format,C[C@@H]1O[C@@H](O[C@@H]2[C@@H](O)[C@H](OCCc3ccc(O)c(O)c3)O[C@H](CO)[C@H]2OC(=O)/C=C/c2ccc(O)c(O)c2)[C@H](O)[C@H](O)[C@H]1O,,,CHEMBL4495564,,2020,,CHEMBL444478,ACETOSIDE,CHEMBL444478,5.34,0,http://www.openphacts.org/units/Nanomolar,3347724,=,52,1,=,,IC50,nM,,4540.0,CHEMBL4523582,Severe acute respiratory syndrome coronavirus 2,Replicase polyprotein 1ab,2697049,,,IC50,uM,UO_0000065,,4.54
Dtt Insensitive,19964277,[],CHEMBL4495583,SARS-CoV-2 3CL-Pro protease inhibition IC50 determined by FRET kind of response from peptide substrate,F,,,BAO_0000190,BAO_0000019,assay format,CN(C)C(=S)SC(=S)N(C)C,,,CHEMBL4495564,,2020,,CHEMBL571700,BIS(DIMETHYLAMINETHIOCARBONYL)MONOSULFIDE,CHEMBL571700,6.03,0,http://www.openphacts.org/units/Nanomolar,3347769,=,52,1,=,,IC50,nM,,940.0,CHEMBL4523582,Severe acute respiratory syndrome coronavirus 2,Replicase polyprotein 1ab,2697049,,,IC50,uM,UO_0000065,,0.94
Dtt Insensitive,19964278,[],CHEMBL4495583,SARS-CoV-2 3CL-Pro protease inhibition IC50 determined by FRET kind of response from peptide substrate,F,,,BAO_0000190,BAO_0000019,assay format,Oc1ccc2ccccc2c1SSc1c(O)ccc2ccccc12,,,CHEMBL4495564,,2020,,CHEMBL472940,,CHEMBL472940,6.29,0,http://www.openphacts.org/units/Nanomolar,3347853,=,52,1,=,,IC50,nM,,510.0,CHEMBL4523582,Severe acute respiratory syndrome coronavirus 2,Replicase polyprotein 1ab,2697049,,,IC50,uM,UO_0000065,,0.51
Dtt Insensitive,19964279,[],CHEMBL4495583,SARS-CoV-2 3CL-Pro protease inhibition IC50 determined by FRET kind of response from peptide substrate,F,,,BAO_0000190,BAO_0000019,assay format,CCC(=O)OCN1C(=O)C=CC1=O,,,CHEMBL4495564,,2020,,CHEMBL1374426,,CHEMBL1374426,6.54,0,http://www.openphacts.org/units/Nanomolar,3347888,=,52,1,=,,IC50,nM,,290.0,CHEMBL4523582,Severe acute respiratory syndrome coronavirus 2,Replicase polyprotein 1ab,2697049,,,IC50,uM,UO_0000065,,0.29
Dtt Insensitive,19964280,[],CHEMBL4495583,SARS-CoV-2 3CL-Pro protease inhibition IC50 determined by FRET kind of response from peptide substrate,F,,,BAO_0000190,BAO_0000019,assay format,CC[C@H](CO)Nc1nc(NCc2ccc(-c3ccccn3)cc2)c2ncn(C(C)C)c2n1,,,CHEMBL4495564,,2020,,CHEMBL518800,,CHEMBL518800,6.08,0,http://www.openphacts.org/units/Nanomolar,3347906,=,52,1,=,,IC50,nM,,840.0,CHEMBL4523582,Severe acute respiratory syndrome coronavirus 2,Replicase polyprotein 1ab,2697049,,,IC50,uM,UO_0000065,,0.84
Dtt Insensitive,19964281,[],CHEMBL4495583,SARS-CoV-2 3CL-Pro protease inhibition IC50 determined by FRET kind of response from peptide substrate,F,,,BAO_0000190,BAO_0000019,assay format,CC(C)N(CCC(=O)c1ccc2ccccc2c1)Cc1ccccc1,,,CHEMBL4495564,,2020,,CHEMBL596674,,CHEMBL596674,6.24,0,http://www.openphacts.org/units/Nanomolar,3347914,=,52,1,=,,IC50,nM,,580.0,CHEMBL4523582,Severe acute respiratory syndrome coronavirus 2,Replicase polyprotein 1ab,2697049,,,IC50,uM,UO_0000065,,0.58
Dtt Insensitive,19964282,[],CHEMBL4495583,SARS-CoV-2 3CL-Pro protease inhibition IC50 determined by FRET kind of response from peptide substrate,F,,,BAO_0000190,BAO_0000019,assay format,O=c1c(O)c(-c2cc(O)c(O)c(O)c2)oc2cc(O)cc(O)c12,,,CHEMBL4495564,,2020,,CHEMBL164,MYRICETIN,CHEMBL164,6.40,0,http://www.openphacts.org/units/Nanomolar,3348022,=,52,1,=,,IC50,nM,,400.0,CHEMBL4523582,Severe acute respiratory syndrome coronavirus 2,Replicase polyprotein 1ab,2697049,,,IC50,uM,UO_0000065,,0.4
Dtt Insensitive,19964283,[],CHEMBL4495583,SARS-CoV-2 3CL-Pro protease inhibition IC50 determined by FRET kind of response from peptide substrate,F,,,BAO_0000190,BAO_0000019,assay format,CC(C)(C)c1ccc(S(=O)(=O)/C=C/C#N)cc1,,,CHEMBL4495564,,2020,,CHEMBL270299,BAY-11-7085,CHEMBL270299,6.08,0,http://www.openphacts.org/units/Nanomolar,3348278,=,52,1,=,,IC50,nM,,840.0,CHEMBL4523582,Severe acute respiratory syndrome coronavirus 2,Replicase polyprotein 1ab,2697049,,,IC50,uM,UO_0000065,,0.84
Dtt Insensitive,19964284,[],CHEMBL4495583,SARS-CoV-2 3CL-Pro protease inhibition IC50 determined by FRET kind of response from peptide substrate,F,,,BAO_0000190,BAO_0000019,assay format,Oc1c(I)cc(I)c(O)c1I,,,CHEMBL4495564,,2020,,CHEMBL4303312,,CHEMBL4303312,6.48,0,http://www.openphacts.org/units/Nanomolar,3348294,=,52,1,=,,IC50,nM,,330.0,CHEMBL4523582,Severe acute respiratory syndrome coronavirus 2,Replicase polyprotein 1ab,2697049,,,IC50,uM,UO_0000065,,0.33
Dtt Insensitive,19964285,[],CHEMBL4495583,SARS-CoV-2 3CL-Pro protease inhibition IC50 determined by FRET kind of response from peptide substrate,F,,,BAO_0000190,BAO_0000019,assay format,CCn1c(-c2nonc2N)nc2cncc(CNC3CCNCC3)c21,,,CHEMBL4495564,,2020,,CHEMBL188434,,CHEMBL188434,5.68,0,http://www.openphacts.org/units/Nanomolar,3348333,=,52,1,=,,IC50,nM,,2070.0,CHEMBL4523582,Severe acute respiratory syndrome coronavirus 2,Replicase polyprotein 1ab,2697049,,,IC50,uM,UO_0000065,,2.07
Dtt Insensitive,19964286,[],CHEMBL4495583,SARS-CoV-2 3CL-Pro protease inhibition IC50 determined by FRET kind of response from peptide substrate,F,,,BAO_0000190,BAO_0000019,assay format,CCc1ccc(/C=C/C(=O)Nc2ccc(C(C)=O)cc2)o1,,,CHEMBL4495564,,2020,,CHEMBL4303618,,CHEMBL4303618,5.30,0,http://www.openphacts.org/units/Nanomolar,3348347,=,52,1,=,,IC50,nM,,4950.0,CHEMBL4523582,Severe acute respiratory syndrome coronavirus 2,Replicase polyprotein 1ab,2697049,,,IC50,uM,UO_0000065,,4.95
Dtt Insensitive,19964287,[],CHEMBL4495583,SARS-CoV-2 3CL-Pro protease inhibition IC50 determined by FRET kind of response from peptide substrate,F,,,BAO_0000190,BAO_0000019,assay format,O=C(O)CCCCCCCCCCCCCCc1ccc(I)cc1,,,CHEMBL4495564,,2020,,CHEMBL128251,IOCANLIDIC ACID,CHEMBL128251,5.65,0,http://www.openphacts.org/units/Nanomolar,3348507,=,52,1,=,,IC50,nM,,2250.0,CHEMBL4523582,Severe acute respiratory syndrome coronavirus 2,Replicase polyprotein 1ab,2697049,,,IC50,uM,UO_0000065,,2.25
Dtt Insensitive,19964288,[],CHEMBL4495583,SARS-CoV-2 3CL-Pro protease inhibition IC50 determined by FRET kind of response from peptide substrate,F,,,BAO_0000190,BAO_0000019,assay format,Oc1cc(CNC(=S)/C=C/c2cc(O)c(O)c(Br)c2)cc(O)c1O,,,CHEMBL4495564,,2020,,CHEMBL4303361,,CHEMBL4303361,6.32,0,http://www.openphacts.org/units/Nanomolar,3348558,=,52,1,=,,IC50,nM,,480.0,CHEMBL4523582,Severe acute respiratory syndrome coronavirus 2,Replicase polyprotein 1ab,2697049,,,IC50,uM,UO_0000065,,0.48
Dtt Insensitive,19964289,[],CHEMBL4495583,SARS-CoV-2 3CL-Pro protease inhibition IC50 determined by FRET kind of response from peptide substrate,F,,,BAO_0000190,BAO_0000019,assay format,N#CSc1cc(SC#N)c(N)nc1N,,,CHEMBL4495564,,2020,,CHEMBL4303622,,CHEMBL4303622,6.39,0,http://www.openphacts.org/units/Nanomolar,3348573,=,52,1,=,,IC50,nM,,410.0,CHEMBL4523582,Severe acute respiratory syndrome coronavirus 2,Replicase polyprotein 1ab,2697049,,,IC50,uM,UO_0000065,,0.41
Dtt Insensitive,19964290,[],CHEMBL4495583,SARS-CoV-2 3CL-Pro protease inhibition IC50 determined by FRET kind of response from peptide substrate,F,,,BAO_0000190,BAO_0000019,assay format,Sc1nc2ccccc2s1,,,CHEMBL4495564,,2020,,CHEMBL111654,2-MERCAPTOBENZOTHIAZOLE,CHEMBL111654,5.76,0,http://www.openphacts.org/units/Nanomolar,3348606,=,52,1,=,,IC50,nM,,1740.0,CHEMBL4523582,Severe acute respiratory syndrome coronavirus 2,Replicase polyprotein 1ab,2697049,,,IC50,uM,UO_0000065,,1.74
Dtt Insensitive,19964291,[],CHEMBL4495583,SARS-CoV-2 3CL-Pro protease inhibition IC50 determined by FRET kind of response from peptide substrate,F,,,BAO_0000190,BAO_0000019,assay format,O=C(O[C@@H]1Cc2c(O)cc(O)cc2O[C@@H]1c1cc(O)c(O)c(O)c1)c1cc(O)c(O)c(O)c1,,,CHEMBL4495564,,2020,,CHEMBL297453,EPIGALOCATECHIN GALLATE,CHEMBL297453,6.14,0,http://www.openphacts.org/units/Nanomolar,3348626,=,52,1,=,,IC50,nM,,720.0,CHEMBL4523582,Severe acute respiratory syndrome coronavirus 2,Replicase polyprotein 1ab,2697049,,,IC50,uM,UO_0000065,,0.72
Dtt Insensitive,19964292,[],CHEMBL4495583,SARS-CoV-2 3CL-Pro protease inhibition IC50 determined by FRET kind of response from peptide substrate,F,,,BAO_0000190,BAO_0000019,assay format,,,,CHEMBL4495564,,2020,,CHEMBL508338,THIMEROSAL,CHEMBL508338,8.00,0,http://www.openphacts.org/units/Nanomolar,3348880,=,52,1,=,,IC50,nM,,10.0,CHEMBL4523582,Severe acute respiratory syndrome coronavirus 2,Replicase polyprotein 1ab,2697049,,,IC50,uM,UO_0000065,,0.01
Dtt Insensitive,19964293,[],CHEMBL4495583,SARS-CoV-2 3CL-Pro protease inhibition IC50 determined by FRET kind of response from peptide substrate,F,,,BAO_0000190,BAO_0000019,assay format,CNC(=O)ON(C(C)=O)C(=O)NC,,,CHEMBL4495564,,2020,,CHEMBL9116,CARACEMIDE,CHEMBL9116,5.88,0,http://www.openphacts.org/units/Nanomolar,3348954,=,52,1,=,,IC50,nM,,1330.0,CHEMBL4523582,Severe acute respiratory syndrome coronavirus 2,Replicase polyprotein 1ab,2697049,,,IC50,uM,UO_0000065,,1.33
Dtt Insensitive,19964294,[],CHEMBL4495583,SARS-CoV-2 3CL-Pro protease inhibition IC50 determined by FRET kind of response from peptide substrate,F,,,BAO_0000190,BAO_0000019,assay format,c1ccc2sc(SNC3CCCCC3)nc2c1,,,CHEMBL4495564,,2020,,CHEMBL1591074,,CHEMBL1591074,6.11,0,http://www.openphacts.org/units/Nanomolar,3349008,=,52,1,=,,IC50,nM,,770.0,CHEMBL4523582,Severe acute respiratory syndrome coronavirus 2,Replicase polyprotein 1ab,2697049,,,IC50,uM,UO_0000065,,0.77
Dtt Insensitive,19964295,[],CHEMBL4495583,SARS-CoV-2 3CL-Pro protease inhibition IC50 determined by FRET kind of response from peptide substrate,F,,,BAO_0000190,BAO_0000019,assay format,O=C(c1cc(O)c(O)c(O)c1)c1ccc(O)c(O)c1O,,,CHEMBL4495564,,2020,,CHEMBL329522,EXIFONE,CHEMBL329522,5.36,0,http://www.openphacts.org/units/Nanomolar,3349056,=,52,1,=,,IC50,nM,,4380.0,CHEMBL4523582,Severe acute respiratory syndrome coronavirus 2,Replicase polyprotein 1ab,2697049,,,IC50,uM,UO_0000065,,4.38
Dtt Insensitive,19964296,[],CHEMBL4495583,SARS-CoV-2 3CL-Pro protease inhibition IC50 determined by FRET kind of response from peptide substrate,F,,,BAO_0000190,BAO_0000019,assay format,Nc1ccc2cc3ccc(N)cc3nc2c1.Nc1ccc2cc3ccc(N)cc3nc2c1.O=S(=O)(O)O,,,CHEMBL4495564,,2020,,CHEMBL465704,PROFLAVINE HEMISULFATE,CHEMBL55400,6.08,0,http://www.openphacts.org/units/Nanomolar,3349178,=,52,1,=,,IC50,nM,,830.0,CHEMBL4523582,Severe acute respiratory syndrome coronavirus 2,Replicase polyprotein 1ab,2697049,,,IC50,uM,UO_0000065,,0.83
Dtt Insensitive,19964297,[],CHEMBL4495583,SARS-CoV-2 3CL-Pro protease inhibition IC50 determined by FRET kind of response from peptide substrate,F,,,BAO_0000190,BAO_0000019,assay format,COc1cccc2c1C(=O)c1c(O)c3c(c(O)c1C2=O)C[C@@](O)(/C(CO)=N/NC(=O)CCCCCN1C(=O)C=CC1=O)C[C@@H]3O[C@H]1C[C@H](N)[C@H](O)[C@H](C)O1,,,CHEMBL4495564,,2020,,CHEMBL2107818,ALDOXORUBICIN,CHEMBL2107818,6.24,0,http://www.openphacts.org/units/Nanomolar,3349209,=,52,1,=,,IC50,nM,,580.0,CHEMBL4523582,Severe acute respiratory syndrome coronavirus 2,Replicase polyprotein 1ab,2697049,,,IC50,uM,UO_0000065,,0.58
Dtt Insensitive,19964298,[],CHEMBL4495583,SARS-CoV-2 3CL-Pro protease inhibition IC50 determined by FRET kind of response from peptide substrate,F,,,BAO_0000190,BAO_0000019,assay format,,,,CHEMBL4495564,,2020,,CHEMBL2068237,CISPLATIN,CHEMBL2068237,5.42,0,http://www.openphacts.org/units/Nanomolar,3349218,=,52,1,=,,IC50,nM,,3820.0,CHEMBL4523582,Severe acute respiratory syndrome coronavirus 2,Replicase polyprotein 1ab,2697049,,,IC50,uM,UO_0000065,,3.82
Dtt Insensitive,19964299,[],CHEMBL4495583,SARS-CoV-2 3CL-Pro protease inhibition IC50 determined by FRET kind of response from peptide substrate,F,,,BAO_0000190,BAO_0000019,assay format,O=c1cc(-c2ccccc2)oc2cc(O)c(O)c(O)c12,,,CHEMBL4495564,,2020,,CHEMBL8260,BAICALEIN,CHEMBL8260,7.70,0,http://www.openphacts.org/units/Nanomolar,3349361,=,52,1,=,,IC50,nM,,20.0,CHEMBL4523582,Severe acute respiratory syndrome coronavirus 2,Replicase polyprotein 1ab,2697049,,,IC50,uM,UO_0000065,,0.02
Dtt Insensitive,19964300,[],CHEMBL4495583,SARS-CoV-2 3CL-Pro protease inhibition IC50 determined by FRET kind of response from peptide substrate,F,,,BAO_0000190,BAO_0000019,assay format,COc1cccc(C(=O)CCN[C@@H](C)[C@H](O)c2ccccc2)c1.Cl,,,CHEMBL4495564,,2020,,CHEMBL2354521,,CHEMBL1651913,5.63,0,http://www.openphacts.org/units/Nanomolar,3349386,=,52,1,=,,IC50,nM,,2350.0,CHEMBL4523582,Severe acute respiratory syndrome coronavirus 2,Replicase polyprotein 1ab,2697049,,,IC50,uM,UO_0000065,,2.35
Dtt Insensitive,19964301,[],CHEMBL4495583,SARS-CoV-2 3CL-Pro protease inhibition IC50 determined by FRET kind of response from peptide substrate,F,,,BAO_0000190,BAO_0000019,assay format,O=[N+]([O-])c1cnc(Sc2nnc(O)n2-c2ccc3c(c2)OCCO3)s1,,,CHEMBL4495564,,2020,,CHEMBL508280,,CHEMBL508280,6.52,0,http://www.openphacts.org/units/Nanomolar,3349440,=,52,1,=,,IC50,nM,,300.0,CHEMBL4523582,Severe acute respiratory syndrome coronavirus 2,Replicase polyprotein 1ab,2697049,,,IC50,uM,UO_0000065,,0.3
Dtt Insensitive,19964302,[],CHEMBL4495583,SARS-CoV-2 3CL-Pro protease inhibition IC50 determined by FRET kind of response from peptide substrate,F,,,BAO_0000190,BAO_0000019,assay format,,,,CHEMBL4495564,,2020,,CHEMBL1333953,PHENYLMERCURIC ACETATE,CHEMBL1333953,8.00,0,http://www.openphacts.org/units/Nanomolar,3349449,=,52,1,=,,IC50,nM,,10.0,CHEMBL4523582,Severe acute respiratory syndrome coronavirus 2,Replicase polyprotein 1ab,2697049,,,IC50,uM,UO_0000065,,0.01
Dtt Insensitive,19964303,[],CHEMBL4495583,SARS-CoV-2 3CL-Pro protease inhibition IC50 determined by FRET kind of response from peptide substrate,F,,,BAO_0000190,BAO_0000019,assay format,CN1CCc2cccc3c2[C@H]1Cc1ccc(O)c(O)c1-3.Cl,,,CHEMBL4495564,,2020,,CHEMBL1616,APOMORPHINE HYDROCHLORIDE,CHEMBL53,6.28,0,http://www.openphacts.org/units/Nanomolar,3349522,=,52,1,=,,IC50,nM,,520.0,CHEMBL4523582,Severe acute respiratory syndrome coronavirus 2,Replicase polyprotein 1ab,2697049,,,IC50,uM,UO_0000065,,0.52
Dtt Insensitive,19964304,[],CHEMBL4495583,SARS-CoV-2 3CL-Pro protease inhibition IC50 determined by FRET kind of response from peptide substrate,F,,,BAO_0000190,BAO_0000019,assay format,Oc1cc2c(cc1O)[C@@H]1c3ccc(O)c(O)c3OC[C@]1(O)C2,,,CHEMBL4495564,,2020,,CHEMBL477197,HEMATOXYLIN,CHEMBL477197,6.66,0,http://www.openphacts.org/units/Nanomolar,3349646,=,52,1,=,,IC50,nM,,220.0,CHEMBL4523582,Severe acute respiratory syndrome coronavirus 2,Replicase polyprotein 1ab,2697049,,,IC50,uM,UO_0000065,,0.22
Dtt Insensitive,19964305,[],CHEMBL4495583,SARS-CoV-2 3CL-Pro protease inhibition IC50 determined by FRET kind of response from peptide substrate,F,,,BAO_0000190,BAO_0000019,assay format,O=C1C(Cl)=C(N2CCOCC2)C(=O)N1c1ccc(Cl)c(Cl)c1,,,CHEMBL4495564,,2020,,CHEMBL1271993,,CHEMBL1271993,5.94,0,http://www.openphacts.org/units/Nanomolar,3349696,=,52,1,=,,IC50,nM,,1140.0,CHEMBL4523582,Severe acute respiratory syndrome coronavirus 2,Replicase polyprotein 1ab,2697049,,,IC50,uM,UO_0000065,,1.14
Dtt Insensitive,19964306,[],CHEMBL4495583,SARS-CoV-2 3CL-Pro protease inhibition IC50 determined by FRET kind of response from peptide substrate,F,,,BAO_0000190,BAO_0000019,assay format,N.S=C(S)N1CCCC1,,,CHEMBL4495564,,2020,,CHEMBL1449651,"PYRROLIDINE DITHIOCARBAMIC ACID, AMMONIUM SALT",CHEMBL399491,6.68,0,http://www.openphacts.org/units/Nanomolar,3349755,=,52,1,=,,IC50,nM,,210.0,CHEMBL4523582,Severe acute respiratory syndrome coronavirus 2,Replicase polyprotein 1ab,2697049,,,IC50,uM,UO_0000065,,0.21
Dtt Insensitive,19964307,[],CHEMBL4495583,SARS-CoV-2 3CL-Pro protease inhibition IC50 determined by FRET kind of response from peptide substrate,F,,,BAO_0000190,BAO_0000019,assay format,O=c1sn(-c2cccc3ccccc23)c(=O)n1Cc1ccccc1,,,CHEMBL4495564,,2020,,CHEMBL3545157,TIDEGLUSIB,CHEMBL3545157,6.82,0,http://www.openphacts.org/units/Nanomolar,3349777,=,52,1,=,,IC50,nM,,150.0,CHEMBL4523582,Severe acute respiratory syndrome coronavirus 2,Replicase polyprotein 1ab,2697049,,,IC50,uM,UO_0000065,,0.15
Dtt Insensitive,19964308,[],CHEMBL4495583,SARS-CoV-2 3CL-Pro protease inhibition IC50 determined by FRET kind of response from peptide substrate,F,,,BAO_0000190,BAO_0000019,assay format,Cc1c(-c2cnccn2)ssc1=S,,,CHEMBL4495564,,2020,,CHEMBL178459,OLTIPRAZ,CHEMBL178459,6.21,0,http://www.openphacts.org/units/Nanomolar,3350021,=,52,1,=,,IC50,nM,,620.0,CHEMBL4523582,Severe acute respiratory syndrome coronavirus 2,Replicase polyprotein 1ab,2697049,,,IC50,uM,UO_0000065,,0.62
Dtt Insensitive,19964309,[],CHEMBL4495583,SARS-CoV-2 3CL-Pro protease inhibition IC50 determined by FRET kind of response from peptide substrate,F,,,BAO_0000190,BAO_0000019,assay format,O=C(O)[C@H](S)[C@H](S)C(=O)O,,,CHEMBL4495564,,2020,,CHEMBL1201073,SUCCIMER,CHEMBL1201073,5.76,0,http://www.openphacts.org/units/Nanomolar,3350096,=,52,1,=,,IC50,nM,,1720.0,CHEMBL4523582,Severe acute respiratory syndrome coronavirus 2,Replicase polyprotein 1ab,2697049,,,IC50,uM,UO_0000065,,1.72
Dtt Insensitive,19964310,[],CHEMBL4495583,SARS-CoV-2 3CL-Pro protease inhibition IC50 determined by FRET kind of response from peptide substrate,F,,,BAO_0000190,BAO_0000019,assay format,COc1nc2ccc(Br)cc2cc1[C@@H](c1ccccc1)[C@@](O)(CCN(C)C)c1cccc2ccccc12,,,CHEMBL4495564,,2020,,CHEMBL376488,BEDAQUILINE,CHEMBL376488,5.36,0,http://www.openphacts.org/units/Nanomolar,3350188,=,52,1,=,,IC50,nM,,4360.0,CHEMBL4523582,Severe acute respiratory syndrome coronavirus 2,Replicase polyprotein 1ab,2697049,,,IC50,uM,UO_0000065,,4.36
Dtt Insensitive,19964311,[],CHEMBL4495583,SARS-CoV-2 3CL-Pro protease inhibition IC50 determined by FRET kind of response from peptide substrate,F,,,BAO_0000190,BAO_0000019,assay format,C=CC(=O)c1ccc2ccccc2c1,,,CHEMBL4495564,,2020,,CHEMBL154580,,CHEMBL154580,5.91,0,http://www.openphacts.org/units/Nanomolar,3350392,=,52,1,=,,IC50,nM,,1240.0,CHEMBL4523582,Severe acute respiratory syndrome coronavirus 2,Replicase polyprotein 1ab,2697049,,,IC50,uM,UO_0000065,,1.24
Dtt Insensitive,19964312,[],CHEMBL4495583,SARS-CoV-2 3CL-Pro protease inhibition IC50 determined by FRET kind of response from peptide substrate,F,,,BAO_0000190,BAO_0000019,assay format,C[n+]1c2cc(N)ccc2cc2ccc(N)cc21.[Cl-],,,CHEMBL4495564,,2020,,CHEMBL354349,EUFLAVINE,CHEMBL1184529,5.30,0,http://www.openphacts.org/units/Nanomolar,3350497,=,52,1,=,,IC50,nM,,4980.0,CHEMBL4523582,Severe acute respiratory syndrome coronavirus 2,Replicase polyprotein 1ab,2697049,,,IC50,uM,UO_0000065,,4.98
Dtt Insensitive,19964313,[],CHEMBL4495583,SARS-CoV-2 3CL-Pro protease inhibition IC50 determined by FRET kind of response from peptide substrate,F,,,BAO_0000190,BAO_0000019,assay format,Nc1ccc(S(=O)(=O)[N-]c2ncccn2)cc1.[Ag+],,,CHEMBL4495564,,2020,,CHEMBL1382627,"SULFADIAZINE, SILVER",CHEMBL439,6.12,0,http://www.openphacts.org/units/Nanomolar,3350585,=,52,1,=,,IC50,nM,,750.0,CHEMBL4523582,Severe acute respiratory syndrome coronavirus 2,Replicase polyprotein 1ab,2697049,,,IC50,uM,UO_0000065,,0.75
Dtt Insensitive,19964314,[],CHEMBL4495583,SARS-CoV-2 3CL-Pro protease inhibition IC50 determined by FRET kind of response from peptide substrate,F,,,BAO_0000190,BAO_0000019,assay format,,,,CHEMBL4495564,,2020,,CHEMBL4303664,,CHEMBL4303664,6.06,0,http://www.openphacts.org/units/Nanomolar,3350604,=,52,1,=,,IC50,nM,,880.0,CHEMBL4523582,Severe acute respiratory syndrome coronavirus 2,Replicase polyprotein 1ab,2697049,,,IC50,uM,UO_0000065,,0.88
Dtt Insensitive,19964315,[],CHEMBL4495583,SARS-CoV-2 3CL-Pro protease inhibition IC50 determined by FRET kind of response from peptide substrate,F,,,BAO_0000190,BAO_0000019,assay format,C[n+]1c2cc(N)ccc2cc2ccc(N)cc21.Cl.Nc1ccc2cc3ccc(N)cc3nc2c1.[Cl-],,,CHEMBL4495564,,2020,,CHEMBL1977761,ACRIFLAVINE HYDROCHLORIDE,CHEMBL2010412,5.71,0,http://www.openphacts.org/units/Nanomolar,3350610,=,52,1,=,,IC50,nM,,1930.0,CHEMBL4523582,Severe acute respiratory syndrome coronavirus 2,Replicase polyprotein 1ab,2697049,,,IC50,uM,UO_0000065,,1.93
